cc_num,first,last,gender,street,city,state,zip,lat,long,job,dob,is_fraud
2.27098E+15,Sherri,Baker,F,78248 Brandt Plains,Lammouth,TX,16361,-23.4533425,-59.366535,English as a foreign language teacher,11/4/2012,1
3.51838E+15,Tyler,Cowan,M,169 Donovan Ford,Stephenland,FL,1721,33.020082,153.482333,"Civil engineer, consulting",11/10/1986,0
5.02097E+11,Christine,Wright,F,03654 Tammy Harbors,North Natalieview,TX,23906,65.8508695,-37.478832,Restaurant manager,11/30/1956,0
1.80028E+14,Jeremy,Lewis,M,6320 Kimberly Forges Apt. 870,Stephaniemouth,TX,80802,45.500356,49.104699,"Engineer, manufacturing systems",10/16/1935,0
4.90497E+18,Kimberly,DDS,F,33092 David Skyway,New Catherine,CA,98533,-59.2553175,-92.078903,Environmental health practitioner,11/5/1939,1
5.01884E+11,Jose,Lee,M,1823 Joanna Harbor,West Alexis,NC,70511,-56.0206455,-32.730225,"Pharmacist, hospital",7/18/1943,0
3.42567E+14,David,Baker,M,490 Thomas Run,Costafort,FL,46108,19.6151075,-1.056417,Building surveyor,2/5/2001,0
60426217455,John,Kennedy,M,636 Louis Mountains,Mollymouth,NC,13570,51.183918,65.311394,Brewing technologist,2/13/1953,0
4.33942E+12,Jeffrey,Sanchez,M,474 Yvonne Walk Suite 136,Alanton,MI,79983,43.339215,-26.350685,Estate agent,1/16/1950,0
3.64054E+13,Todd,Rodriguez,M,00471 Jimmy Plain,Matthewsberg,NY,54880,85.804259,-126.838165,Clinical research associate,6/15/1950,0
3.5281E+15,Karen,Strickland,F,18367 Robert Views Suite 661,Jonesland,IL,12720,25.93097,-128.157368,Armed forces logistics/support/administrative officer,1/29/1971,0
6.01161E+15,Cindy,Barnes,F,36900 Kevin Forest Apt. 445,New Angelica,PA,88063,5.0710265,-141.304764,Customer service manager,9/1/2001,1
4.54666E+15,Peter,Cole,M,9782 Shannon Valleys,East Jasminemouth,TX,69191,50.324106,147.386786,Careers information officer,11/29/1914,0
2.13181E+14,Brenda,Jones,F,7359 Murray Haven,Port John,MI,84541,39.007571,19.29298,Psychiatric nurse,1/1/2016,0
2.2832E+15,Dwayne,Turner,M,USS Myers,Zavalaview,GA,98453,-85.6400085,11.713312,Corporate treasurer,7/16/1918,0
6.01145E+15,Bobby,Guerrero,M,275 Wallace Club,North Anthony,TX,24886,43.9610935,97.962376,Careers information officer,3/9/1959,0
4.82992E+18,Jennifer,Love,F,USNS Reed,West Jamesside,MI,36473,-56.399856,155.556324,"Surveyor, hydrographic",3/29/1953,0
2.131E+14,Kathleen,Robertson,F,8416 Duran Harbors,Kariborough,MI,79467,46.666534,35.493049,Company secretary,4/16/1916,0
2.72093E+15,Logan,Ruiz,M,1986 Cardenas Trail Apt. 404,Port Amanda,CA,74165,-17.0871665,-106.302142,Chartered loss adjuster,10/19/1956,0
4.93327E+18,Chad,Gordon,M,4549 Jose Lake,Parksport,IL,90978,-58.481452,162.90553,Geochemist,4/4/1910,0
4.31069E+15,Melody,Weaver,F,512 Rice Stream,Patelbury,TX,32942,33.648156,5.843094,"Pharmacist, hospital",9/14/1960,0
6.01193E+15,Erin,Miller,F,93638 Rowe Light Suite 854,Gillmouth,MT,27125,9.510345,-12.00127,Horticultural consultant,4/17/1925,0
3.58034E+15,Alan,Patel,M,Unit 0166 Box 6870,North Vincent,PA,57374,83.1159695,-2.150441,"Engineer, civil (contracting)",4/20/1998,0
4.99371E+12,Angela,Moore,F,46618 Ashley Extension Suite 224,Robertfort,IL,10583,6.9387315,-44.869734,Ambulance person,2/2/2016,0
4.07146E+15,Charles,Turner,M,Unit 5610 Box 1438,South Neil,MT,61195,67.9984135,88.685522,Oncologist,9/19/1963,1
5.73843E+11,Robert,Mccarthy,M,0723 Maynard Parkways,Jacksonshire,NY,4545,-30.8020605,-23.185424,English as a foreign language teacher,12/3/2023,0
3.75893E+14,Jose,Mccullough,M,8457 Murphy Alley,Robinsonchester,NY,28268,42.799032,-35.830384,Health physicist,6/21/2017,0
2.60553E+15,Sierra,Taylor,F,2341 Angela Rapid Suite 043,Cruzbury,MT,65982,81.2839215,138.863619,Legal secretary,8/5/1961,0
2.71518E+15,Breanna,Smith,F,80003 Thomas Lights,Walkerbury,MT,55060,-4.118066,-34.369493,"Designer, jewellery",6/9/1987,0
6.39032E+11,Debbie,Edwards,F,52135 Palmer Springs,North Steven,CA,18823,-57.397639,-173.580675,Geochemist,9/24/1950,0
4.01039E+15,Rebekah,Norton,F,652 Joel Island,New Stacy,PA,65018,55.525465,-14.078394,Environmental health practitioner,12/8/1916,0
3.7063E+14,Emily,Lamb,F,5861 Kramer Ports Apt. 271,South Eugene,FL,10331,56.8466115,-130.014804,Chartered loss adjuster,12/19/1931,0
2.71149E+15,Mr.,Armstrong,M,29451 Paul Locks Suite 487,South Edwardshire,PA,77562,66.411188,-126.203391,Transport planner,2/19/1915,0
6.55744E+15,Amber,Ward,F,33468 Michelle Trafficway,Charleneport,OH,93921,82.5342885,-32.157263,Health physicist,3/19/1987,0
3.40034E+14,Gary,Green,M,250 Shannon Fords Apt. 927,Smithside,GA,26638,10.153645,-172.442406,"Journalist, broadcasting",5/5/2015,1
5.01823E+11,Brian,Higgins,M,114 Stephen Hill,Michaelmouth,FL,56337,-58.8880475,-128.998087,Town planner,5/19/2000,0
4.58998E+12,Mckenzie,DDS,F,77517 Curtis Loop Apt. 880,Lake Emily,IL,45177,7.5340025,-150.861218,Marine scientist,10/23/1971,0
1.80016E+14,Noah,Tran,M,4722 Morrison Summit Suite 858,Samanthaberg,MI,93614,84.506234,-84.537534,"Engineer, agricultural",1/31/2013,0
4.5544E+12,Michele,Holland,F,094 Tyler Plaza Suite 158,Danielsfurt,NY,12552,3.79214,-61.245185,"Designer, jewellery",10/6/1914,0
6.76182E+11,Brittany,Stevens,F,4914 James View,Susanberg,CA,39567,83.930232,20.322916,Ambulance person,10/9/2024,0
6.76339E+11,Rachel,Joseph,F,308 Stephens Plains Suite 256,Masonland,MT,52508,7.6744175,89.599002,"Surveyor, mining",7/28/1913,0
5.60299E+11,Kelly,Bennett,M,84322 Michael Stravenue,Mendozashire,OH,21635,83.7473265,40.599832,Oncologist,3/29/1928,0
4.94487E+15,Larry,Thompson,M,49864 Adam Summit,Lake Linda,OH,54089,7.246056,-122.77857,Sub,7/20/1927,0
4.90714E+15,Megan,Ward,F,184 Arroyo Unions,Hartbury,NC,99784,1.17699,66.342374,Cartographer,11/11/1944,0
3.53866E+15,Stanley,Andrews,M,428 Young Mountains Suite 527,Whiteberg,CA,75984,-28.644581,-126.382841,"Geologist, engineering",5/27/1988,0
4.99797E+15,Emily,Delgado,F,64334 Sims Curve,Proctorside,MT,36206,57.2490005,58.824307,Engineering geologist,6/22/1923,0
4.18376E+12,Patrick,Lamb,M,5705 Megan Drive Apt. 461,Port Jenniferfurt,IL,58560,-23.6529045,-162.009298,Proofreader,11/20/1938,0
4.02203E+15,Crystal,Holden,F,0862 Christine Lakes Apt. 518,Marcusmouth,TX,14979,-64.1613965,100.891149,Armed forces logistics/support/administrative officer,11/6/2020,0
3.51573E+15,Kathy,Sandoval,F,50488 Clinton Mount,West Lisa,GA,12547,63.1389815,34.640048,"Engineer, civil (contracting)",3/22/1910,1
5.83834E+11,Christina,Foster,F,270 James Landing Apt. 110,Heatherville,IL,40493,30.8124825,72.96837,International aid/development worker,3/12/1993,0
4.51881E+15,Elizabeth,Burns,F,"PSC 5782, Box 3298",West Haley,NY,69157,-53.6934345,50.889008,Customer service manager,11/4/1951,0
6.55703E+15,John,Nguyen,M,47644 Jackson Hill,Lake Vincentburgh,MT,77236,56.675041,-107.357782,Chief Financial Officer,1/19/1962,0
4.29979E+18,Kyle,Smith,M,5616 Kelly Dale Apt. 458,South Jenniferport,NC,56475,73.4354795,-10.086497,English as a foreign language teacher,3/16/1914,0
4.57845E+15,Robert,Reilly,M,6173 Hayes Hollow,North Scott,PA,3769,39.5639135,88.464612,"Surveyor, mining",4/24/2005,0
3.48162E+14,Emily,Mcclain,F,74773 Douglas Ridges Suite 562,South Danielfort,NC,60956,-44.15081,-28.46423,"Engineer, manufacturing systems",8/8/1986,0
4.27621E+15,Dorothy,Gilbert,F,566 Graham Forest Apt. 723,Whitneyberg,PA,18101,-86.8854085,-141.481664,"Development worker, community",1/31/1968,0
4.02767E+18,John,Jackson,M,43728 Matthew Corner Apt. 927,East Becky,PA,45730,-75.417034,164.811302,Engineering geologist,11/23/1929,0
4.74101E+15,Douglas,Lee,M,2140 Price Circle Suite 427,Rodriguezside,FL,57026,-31.377321,149.620643,Mechanical engineer,1/14/2014,1
2.13153E+14,Amy,Fernandez,F,20417 Mary Circles,Lisafurt,TX,42999,-57.572343,129.219932,Transport planner,7/24/1915,1
4.53136E+12,David,Wilson,M,3645 Williams Streets Apt. 822,Watkinsmouth,TX,55428,-36.648079,-5.14922,Museum/gallery conservator,3/13/1915,0
3.58046E+15,Lauren,Snow,F,74279 Tiffany Mountain,Padillatown,NY,82723,-71.021991,26.630483,Marine scientist,8/1/1949,1
3.52222E+15,Judith,Miller,F,579 Ellis Port Apt. 424,West Justin,NC,22306,76.0622875,-93.67659,"Exhibitions officer, museum/gallery",1/24/1997,0
4.28792E+18,Pamela,Gonzalez,F,137 Lara Heights Apt. 662,New Katelynland,MI,1368,19.913753,162.956358,Metallurgist,2/22/1957,0
3.56711E+15,Kenneth,Bruce,M,445 Amanda Knoll Apt. 028,East Ericbury,NC,25197,59.962866,149.33184,Accounting technician,4/30/1983,0
2.62755E+15,Paul,Patton,M,87592 Nunez Coves,South Daniel,FL,41694,-56.817243,70.129068,"Geologist, wellsite",12/13/2011,0
1.80088E+14,Christina,Gonzalez,F,0269 Hernandez Road,West Ebony,MT,64759,45.50481,-39.519525,Water engineer,11/19/1922,0
2.26847E+15,Maria,Watkins,F,6371 Karl Causeway Suite 963,New Lauriefort,NC,56482,-33.6985725,6.464117,Armed forces technical officer,7/16/1955,0
6.01121E+15,Denise,Johnson,F,2319 Alejandra Village,Markshire,FL,97132,14.6765845,-53.33171,Health physicist,9/27/2000,1
4.06969E+18,Katie,Bell,F,2954 Christopher Land,North Sandrabury,MI,12163,34.1312355,-73.556642,Haematologist,10/10/1970,0
6.01142E+15,Noah,Scott,M,Unit 5280 Box 9242,Natalieberg,FL,12251,-4.8207625,104.769109,Financial risk analyst,7/1/1950,1
3.8675E+13,Michael,Becker,M,2361 Melissa Estates Suite 642,West Elizabeth,MT,48664,47.614303,-72.694933,"Engineer, mining",4/20/1991,1
4.03037E+12,Kevin,Mack,M,61027 Holt Ways,Ballardland,CA,16896,-53.730625,-172.550421,Chartered loss adjuster,12/23/2000,0
3.75228E+14,Kelsey,Henderson,F,572 Justin Summit Apt. 722,Torresborough,NC,73485,-77.370291,-170.266212,Therapeutic radiographer,9/23/2007,0
4.89976E+15,Rhonda,Peterson,F,290 Barnes Springs,Rachelberg,GA,92290,18.4313,59.54592,Ambulance person,5/27/1968,0
3.50185E+15,Stacy,Alvarez,F,96115 Williams Drives Apt. 545,Williamsport,MI,37657,-32.1302925,-81.711216,Risk analyst,12/4/2010,0
6.5461E+15,Kim,Rivers,F,USNS Brown,Lake Brianfurt,GA,13443,-4.0895235,-103.517073,Health physicist,1/30/1951,0
2.4537E+15,James,Bell,M,20970 Emily Loop Suite 681,Careystad,TX,51193,-42.436826,-175.47344,"Production assistant, radio",10/28/1955,1
5.79611E+11,Andrew,Griffith,M,3173 Wall View Suite 831,North Nicholasland,PA,17217,-73.356403,57.253138,Building control surveyor,2/12/1968,0
2.28081E+15,Adam,Willis,M,3033 Hanson Garden,South Jack,CA,1382,7.3929875,-174.689221,Cartographer,8/7/1923,0
3.05391E+13,Tracy,Blackwell,F,"PSC 7363, Box 4669",Andreaberg,TX,99017,-67.4438645,-21.597301,"Journalist, broadcasting",3/16/1939,1
4.09702E+15,Nathaniel,Clark,M,9090 Eric Isle Suite 636,Fowlerport,PA,12722,-43.983811,-123.997292,"Engineer, petroleum",10/5/2011,0
3.52742E+15,Thomas,White,M,76563 Johnson Glen,Murrayland,FL,72384,86.3681625,-49.919612,Chief Financial Officer,3/15/1978,0
3.0151E+13,Kayla,Ochoa,F,892 Haley Rapid,West Gregory,GA,90629,-4.6463915,177.754987,Marine scientist,10/15/2013,1
6.56567E+15,Leslie,Guerra,F,49828 Jonathan Mountain Suite 746,East Adam,IL,66128,10.464066,83.847204,English as a second language teacher,1/9/1912,0
4.21416E+15,Carol,Simmons,F,2237 Wayne Creek,Port Katherine,GA,34494,19.734375,56.615358,Therapeutic radiographer,2/3/2009,0
4.47129E+18,Barbara,Schmidt,F,71487 Peggy Crescent,North Ryantown,TX,21503,-2.3556105,25.884525,"Geologist, engineering",3/22/2006,1
5.55905E+15,Maurice,Solis,M,76420 Rogers Springs,Justinborough,CA,92396,57.1053235,31.404977,"Engineer, manufacturing systems",8/17/2019,0
6.76175E+11,William,Lambert,M,51826 Phillip Viaduct,Port Karenville,FL,24181,70.8203815,-83.396758,Proofreader,5/7/1968,0
4.97186E+15,Cindy,Howard,F,41818 Jones Route,North Nicholasbury,GA,50129,-61.813546,-113.694567,Museum/gallery conservator,11/25/1960,0
3.53481E+15,Johnny,Baxter,M,15285 Roberto Light,West Kevinport,CA,35202,-32.8055455,-178.800468,Water engineer,4/8/2013,0
4.60931E+12,Krista,Marsh,F,3637 Jacqueline Parkway,East David,OH,53097,-79.70109,-32.971656,Clinical research associate,4/13/1943,0
3.58788E+15,Tammy,Jones,F,367 Gabriel Terrace,East Adam,IL,75460,-31.532686,137.888113,Horticultural consultant,9/30/1948,0
3.50185E+15,Derrick,Perkins,M,6182 Carrie Lane,East Kayla,NC,35583,-51.7115465,156.82442,"Engineer, petroleum",11/10/1928,0
3.53503E+15,Robert,Dawson,M,6769 Taylor Shoal Apt. 668,Millerchester,NY,69568,65.122524,-62.245963,Museum/gallery conservator,10/15/2013,0
6.01141E+15,Jeremy,Newman,M,369 Jeffery Ferry,Wilcoxburgh,CA,7666,9.717902,167.16607,Accounting technician,11/3/1921,0
3.44215E+14,Michael,Miller,M,USCGC Davis,Amyland,CA,65894,-64.736468,64.173109,"Engineer, manufacturing systems",7/15/1919,0
6.54236E+15,Christopher,Rodriguez,M,3030 Nelson Roads Apt. 121,Warrenview,CA,24628,-75.573665,-130.370979,Sports administrator,5/15/2019,0
4.78614E+12,Jonathan,Parrish,M,Unit 1109 Box 6179,Gordonton,NC,88019,-12.179366,45.829841,Professor Emeritus,10/31/1922,0
6.30417E+11,Ariana,Owen,F,0412 Danielle Prairie Apt. 179,South Meganborough,TX,51723,-62.9761415,83.623457,Medical sales representative,3/13/1982,0
4.31355E+15,Matthew,Owens,M,9196 Gonzalez Knoll Suite 172,Raymondville,MI,24081,-3.380935,50.525281,Chartered loss adjuster,12/31/1966,1
3.57457E+15,Paul,Ross,M,1459 Nelson Extension,Walshville,OH,68889,51.623575,-50.869959,"Librarian, public",2/27/2016,1
6.01135E+15,Chelsea,Johnson,F,43629 Moreno Park Suite 103,New Craigbury,FL,81794,18.5980865,30.404055,Transport planner,8/9/1997,0
2.37954E+15,Steven,Hampton,M,"PSC 7824, Box 5569",Jamesshire,MI,68668,2.1470315,148.76226,Corporate treasurer,6/28/1983,1
5.02004E+11,Christopher,Graham,M,1294 Betty Landing,Martineztown,MI,61162,49.051788,67.079134,Estate manager/land agent,3/1/1965,0
4.47196E+15,Jonathan,Myers,M,USCGC Richardson,Wolfeville,IL,61313,21.9097925,48.080457,Local government officer,12/10/1922,0
3.55287E+15,Shirley,Chandler,F,47743 Judy Mews,North Lisa,PA,1187,6.5189215,39.058024,Tax adviser,7/4/1970,0
3.50103E+15,Andrea,Butler,F,2668 Darrell Crest Suite 535,East Robertside,NY,74956,-77.7111015,-172.001398,Hospital doctor,7/9/1984,0
4.59609E+12,Scott,Cruz,M,86487 Armstrong Port,North Juan,GA,89970,-16.343237,-134.077745,Chief Strategy Officer,5/28/1968,0
3.56114E+15,Alan,PhD,M,0429 Daniel Forest,Shelbyfurt,TX,76874,-81.2491315,172.75604,Proofreader,5/7/1949,1
4.99577E+15,Cameron,Johnson,M,015 Lozano Roads,Lake Isaac,MI,77775,46.7340395,-135.015858,Geophysicist/field seismologist,10/29/1989,0
4.47273E+12,Amanda,Macdonald,F,31528 Hill Roads Apt. 506,Lake Courtneybury,NC,18441,67.3953505,21.975697,Therapeutic radiographer,5/4/2000,0
4.56383E+15,Michael,Johnson,M,061 Barr Trafficway,Port Amanda,NY,94587,-28.438497,-24.206781,"Engineer, structural",6/13/1992,0
3.45779E+14,Jonathan,Long,M,789 Brian Park Suite 645,West Hannahside,FL,64559,56.455361,88.336387,Chartered loss adjuster,5/8/1943,0
5.03888E+11,Erin,Brown,F,128 Rivera Trail Suite 973,East Fred,GA,533,-3.20465,-138.238194,"Engineer, civil (contracting)",10/14/1938,0
3.72958E+14,Kelly,Smith,F,50922 Christopher Village,Tonyaborough,IL,86366,74.8203875,-171.04797,"Engineer, mining",1/21/1976,0
4.18273E+18,Martin,Valenzuela,M,209 Moore Port Apt. 654,Christopherborough,NC,34345,-31.4126405,71.08819,Banker,6/12/2014,1
4.96816E+18,Tammy,Tanner,F,2517 Hale Mountains,West Kathryn,IL,18002,17.3429255,-4.383169,"Geologist, engineering",6/3/2024,0
3.70915E+14,Adam,Valdez,M,0740 Miranda Mount Suite 095,Guystad,NY,55165,-85.297282,59.857899,Chief Financial Officer,8/24/1989,0
2.13156E+14,Jessica,Wilson,F,06244 George Roads Suite 133,Matthewsmouth,NC,71470,14.431998,75.337353,Chief Financial Officer,2/8/1948,0
3.5151E+15,Pamela,Joyce,F,2169 Mccann Loop Apt. 093,Doughertymouth,MI,80430,-22.907039,-90.633075,Chief Executive Officer,10/10/1963,0
3.54429E+15,Lisa,Hays,F,7345 Norris Isle,East Aimee,FL,3901,-30.669984,19.099179,Armed forces logistics/support/administrative officer,3/30/1954,0
4.49096E+12,Devon,Nixon,M,977 Amanda Tunnel,Millerborough,NC,13591,55.591024,136.41876,"Engineer, structural",8/11/1917,0
3.53987E+15,Cheryl,Foster,F,Unit 5274 Box 0334,West Ronaldfurt,TX,43189,59.805282,120.632816,"Civil engineer, consulting",11/8/1916,0
4.12958E+15,Michael,Padilla,M,Unit 1828 Box 1979,Port Gabriellaview,CA,61543,31.141856,-98.285396,"Civil engineer, consulting",11/13/1921,1
4.67045E+12,Denise,Mayer,F,3318 Woods Pass Apt. 700,Sonyaland,NY,57405,85.0204105,-18.565903,Geochemist,2/16/2010,0
3.52565E+15,James,George,M,177 David Passage Apt. 231,Lake Donna,NY,43574,34.05722,178.821088,"Engineer, structural",10/10/1926,0
3.53991E+15,Teresa,Lutz,F,289 Garrison Harbors,Derekport,OH,547,-69.9021075,-45.068642,"Geologist, engineering",9/27/1995,0
4.09192E+15,Shawn,Holt,M,856 Bird Corner Apt. 173,Castroshire,TX,49760,72.840419,98.618171,Engineering geologist,1/4/2009,0
4.43098E+15,Mark,Sherman,M,61499 Mario Fork Suite 038,East Nancy,NY,58219,83.9180035,-64.053012,"Geologist, wellsite",8/16/1955,0
1.80009E+14,Russell,Stevens,M,USCGC Lewis,Markshire,MI,67079,19.2913495,-102.565461,Multimedia specialist,5/10/2013,0
3.0393E+13,Amy,MD,F,USS Aguirre,West Feliciashire,NY,68460,-45.06785,-126.462392,Building control surveyor,8/9/1914,1
4.46067E+18,Kimberly,Colon,F,"PSC 5263, Box 5602",New Elizabeth,CA,55923,63.153093,156.183418,Company secretary,12/21/1909,0
6.7638E+11,Gregory,Gonzalez,M,550 Rachel Spur,Port Jeffreyton,MT,74378,56.4536975,-140.312348,Health physicist,9/15/1911,0
5.81553E+11,Michelle,Carroll,F,9269 Edward Island,Lake Coltonland,PA,11740,-84.2377445,-175.346039,Chief Financial Officer,10/11/2003,0
4.3766E+18,Christopher,Shannon,M,5203 Baker Meadows,East Monicatown,MI,96791,63.988698,-169.68555,Medical illustrator,6/18/1935,0
4.01751E+15,David,Williams,M,25326 Guzman Parkways,New Adrian,NY,90092,-22.443339,-28.898146,"Librarian, public",8/4/2004,0
4.48595E+15,Scott,Ramirez,M,969 Carol Pines Suite 552,Robertborough,OH,43256,-27.3368715,-12.207955,Personnel officer,11/30/1930,1
4.56259E+15,Maria,Rosario,F,974 Brenda Islands,West Marie,PA,49656,57.6736255,-166.328441,Restaurant manager,7/23/1946,0
3.45461E+14,Daniel,Hall,M,"PSC 2632, Box 8094",Williamburgh,MT,26923,73.1063535,-42.411674,Medical illustrator,8/15/1978,0
4.33701E+15,Jake,Ramirez,M,66007 Rivas Loop,Jenniferfort,IL,27069,-18.251379,-166.893438,Health physicist,11/15/2008,0
4.30004E+15,Shirley,Mooney,F,Unit 3723 Box 0817,Johnfurt,TX,40197,-33.831485,110.966255,Brewing technologist,8/13/2011,0
3.70858E+14,Megan,Johnson,F,0423 Glenn Prairie,East Donaldshire,GA,3604,27.6008465,86.366173,Environmental health practitioner,1/14/1962,0
4.79862E+12,Katrina,Smith,F,236 Pace Views,East Emilystad,PA,51720,30.7498755,145.578122,Horticultural consultant,5/5/1974,0
6.59177E+15,Melissa,Lee,F,Unit 8601 Box 3477,Williamchester,FL,26609,-18.6763745,-152.623322,"Pharmacist, hospital",4/6/1926,1
3.74344E+14,Lisa,Mcclain,F,8550 Romero Loaf Suite 935,Jacksonfurt,OH,27650,-31.5003005,-11.308833,"Production assistant, radio",3/31/1937,0
3.57372E+15,Shannon,Ramirez,F,522 John Branch Suite 248,South Ericberg,IL,32210,73.4688985,17.134085,Chartered loss adjuster,12/30/1981,0
3.52657E+15,Tyler,Sanchez,M,08385 Shane Isle Suite 595,Hamiltonhaven,OH,5240,88.863916,114.199753,Medical sales representative,2/11/1923,0
3.55296E+15,Nathaniel,Sullivan,M,6626 Good Isle,South Russell,PA,31317,-13.101941,-49.413736,Marine scientist,10/19/2014,0
6.39046E+11,Sarah,Moore,F,21455 Jennifer Mews Suite 189,West Ericborough,IL,45732,-72.2684005,-153.74047,Engineering geologist,6/5/1929,0
4.08491E+18,Evelyn,Hopkins,F,374 Snow Walk Apt. 394,Allentown,CA,56863,-77.1785145,-139.141059,"Engineer, structural",3/6/1992,1
6.76251E+11,Jocelyn,Martinez,F,1863 James Route Suite 913,Jameston,PA,5269,31.576946,-79.025034,Building control surveyor,2/24/1957,0
3.50732E+15,Tara,Morrison,F,11901 Williams Valleys,North Matthew,OH,24766,84.076569,125.487723,Local government officer,11/13/1998,0
3.55437E+15,Michelle,Greer,F,6040 Ford Circle Apt. 784,Gregorytown,TX,62528,52.1613665,-144.944999,Medical sales representative,6/20/1999,0
2.13107E+14,John,Gonzalez,M,233 Nathan Camp Suite 096,Sandraville,FL,12757,-22.8061285,141.222465,Dramatherapist,3/18/1919,0
2.13183E+14,Stephanie,Rodriguez,F,64687 Nancy Crescent,Fostershire,OH,93883,-53.702655,-151.636199,"Engineer, mining",12/22/2017,1
6.59136E+15,Mark,Schmitt,M,905 Harrison Parkways Suite 700,Christopherhaven,MT,36556,52.2802475,-99.491585,Marine scientist,10/27/1929,0
4.76464E+15,Pamela,Rice,F,1706 Dougherty Roads Suite 255,Matthewburgh,MT,39014,-38.5484255,-167.510182,Restaurant manager,12/21/1967,0
4.84337E+18,Jennifer,Johnson,F,7744 Susan Mall Apt. 936,Cassandraville,TX,69439,81.607693,128.715918,Building control surveyor,2/11/1911,0
4.60336E+15,Amy,Dyer,F,384 Brady Canyon,Deleonmouth,MI,39618,-26.2665315,76.026693,"Geneticist, molecular",8/30/2024,0
4.29965E+15,Krystal,Phillips,F,8389 Mark Shore,Port Loriport,IL,903,2.525107,38.759959,"Exhibitions officer, museum/gallery",6/25/1969,0
4.08178E+15,James,Murillo,M,620 Walker Harbors Suite 077,Mcclurefurt,OH,54456,-55.0956655,140.142575,Ambulance person,5/6/1980,0
6.01154E+15,Sean,Carter,M,34862 Navarro Overpass,North Melanie,IL,23729,55.897824,-9.037949,Brewing technologist,11/19/1921,0
3.67382E+13,Kelly,Carrillo,F,424 Mathis Ridge Apt. 145,Davisburgh,OH,31339,56.0205415,35.635988,"Production assistant, radio",9/29/1990,0
3.57443E+15,Ronald,Walker,M,8951 Michelle Parkways,Stonefurt,MT,73728,-2.9258855,-171.607413,Careers information officer,6/30/1939,0
4.13216E+15,Isaac,Young,M,942 Kevin Ridges Apt. 165,Port Kurt,MI,84277,-28.3743635,134.784232,Personnel officer,10/30/1958,0
3.59921E+15,Jennifer,Burns,F,768 Jessica Lock,North Stephen,NC,28690,-36.763561,57.779217,Water engineer,10/11/1913,0
3.55359E+15,Jillian,Summers,F,Unit 2560 Box 8320,Obrienmouth,IL,68478,45.146704,91.611256,Chief Strategy Officer,10/11/2011,0
4.11409E+18,Ashley,Sanders,F,"PSC 3049, Box 3665",Lake Haroldport,MI,68788,-62.182149,-99.667055,"Social research officer, government",4/8/1936,0
5.6403E+11,Joshua,Hughes,M,0299 Scott Stravenue Apt. 669,West Luisburgh,GA,90213,79.58,164.69313,Cartographer,7/24/1974,0
6.5947E+15,Jose,Stephens,M,Unit 4743 Box 6213,Whiteside,NC,69723,5.3841155,59.884569,Accounting technician,6/23/1958,0
4.99197E+12,Deborah,Young,F,166 Garcia Light Apt. 237,East Mariah,NY,42748,27.2777605,-81.74439,Restaurant manager,5/13/1936,0
4.27488E+15,Stephen,Boyd,M,96882 Barber Lock Suite 040,Rodriguezchester,NC,6270,42.7025365,116.27114,Chief Executive Officer,2/7/2001,0
4.24192E+18,Jonathan,Mendez,M,613 Thomas Lodge,South Martintown,PA,22203,6.7216395,-30.526196,Geophysicist/field seismologist,6/11/1996,1
3.8581E+13,Timothy,Small,M,48942 Kelly Lane Suite 489,Evanport,FL,41755,23.7067565,15.521685,Proofreader,3/9/1990,0
1.80038E+14,Mr.,Collins,M,12995 Galvan Bridge,Jonesville,FL,22078,-75.6464295,-70.536881,"Designer, jewellery",10/26/1974,1
4.45446E+18,Maria,Gregory,F,9353 Smith Walks,Willieland,FL,56204,2.7016015,-87.524,Corporate treasurer,7/23/1953,0
4.98075E+12,Carla,Young,F,89876 Alex Corner,Lake Joeside,TX,38428,-4.28193,168.899328,Museum education officer,5/22/1968,0
1.80018E+14,Kimberly,Phillips,F,01265 Sweeney Roads,Sarahland,MI,60923,6.960743,0.181611,"Surveyor, hydrographic",8/23/1960,0
5.49509E+15,Amber,Chen,F,473 Derek Manor,South Cameronstad,OH,74223,82.1960885,-148.323617,Brewing technologist,6/30/2020,0
6.75974E+11,Eric,Ryan,M,3983 Macdonald Plains Apt. 842,Hermanside,NY,6718,-1.1885795,-0.689141,Health physicist,8/5/1983,0
5.1452E+15,Steven,Howard,M,9805 Schneider Fort,West Kendra,TX,2100,-35.436887,130.836562,Clinical research associate,3/2/2005,0
4.51101E+12,Jennifer,Patterson,F,73654 Rachel Ferry,Lake Jacobshire,NY,92573,-49.8818825,-62.513784,"Designer, jewellery",6/18/1995,0
3.5688E+15,Cody,Scott,M,059 Ryan Trail Apt. 863,Ashleymouth,NC,90975,36.2841665,-90.085185,Brewing technologist,4/4/2016,0
4.61747E+15,Valerie,Frye,F,4630 Maxwell Underpass,New Amandaberg,FL,9812,-83.848062,169.911674,Building surveyor,1/21/1922,0
4.72506E+15,Colin,Walker,M,799 Jodi Lodge,Bakerborough,GA,73862,0.955455,-51.461328,"Exhibitions officer, museum/gallery",12/28/2000,1
4.4308E+18,Douglas,Miller,M,74235 Joseph Lights,East Laura,MT,21133,21.52315,-117.538327,Cartographer,9/7/1924,0
4.25953E+12,Tara,Brown,F,2031 Nicholas Key,New Deannashire,MI,95692,79.427764,80.188946,Building surveyor,5/3/1981,0
4.20136E+15,Veronica,Brandt,F,50637 Carl Rue Apt. 804,South Elizabethbury,GA,73755,-8.1565855,-114.488512,Proofreader,8/22/1960,0
4.08952E+18,Marissa,Davis,F,76075 Wong Manor,Jamesland,NC,83071,12.6044175,-3.46843,International aid/development worker,10/23/1940,0
3.54395E+15,Michael,Walker,M,4663 Compton Terrace Suite 434,Port Catherine,GA,92996,-20.6151535,-31.937475,"Geologist, engineering",3/26/2013,0
4.23622E+12,Kevin,Villarreal,M,570 Arellano Common Apt. 145,North Jeffreyside,GA,72686,9.5859615,-154.199099,Occupational hygienist,4/17/1990,0
4.19017E+18,Kelly,Hernandez,F,3024 Clark Common Apt. 398,Jenniferberg,FL,6617,-55.89372,110.008951,Proofreader,8/26/1928,0
4.22054E+12,Patricia,Jones,F,0392 Garcia River Suite 529,East Rebecca,NC,51332,-21.6758845,-45.903959,"Civil engineer, consulting",3/5/1971,0
3.52066E+15,Daniel,Meza,M,"PSC 6302, Box 9559",Sanchezberg,IL,85141,19.684217,-87.464677,"Librarian, public",3/25/1953,0
4.94831E+18,Ryan,Nunez,M,623 Barrett Creek,East Isaacport,IL,90963,-72.829835,-155.587333,Tax adviser,8/17/1951,0
3.51884E+15,Kristen,Martin,F,518 Thompson Motorway,East Erichaven,PA,21059,-36.010897,-58.877181,"Geneticist, molecular",3/9/2020,0
1.80017E+14,Logan,Gomez,M,417 Washington Points Apt. 897,Richardland,NY,67224,-38.0466675,146.558484,"Pharmacist, hospital",6/3/2013,0
5.01814E+11,Kimberly,Peters,F,99530 Hughes Court Suite 937,Lake Davidfort,NY,21734,21.2518365,165.0679,Sub,4/8/1956,0
3.59586E+15,Madison,Keller,F,36221 Sarah Tunnel,South Kelsey,OH,70764,82.479995,112.904852,Chartered loss adjuster,2/27/1923,0
6.51776E+15,Katherine,Ferguson,F,51521 Holt Lodge Suite 353,West Rogerfort,GA,25141,-11.472599,-30.09688,"Engineer, manufacturing systems",1/17/1936,0
4.81459E+12,Michael,Bailey,M,1436 Hodges Estate Suite 811,Karenside,OH,15453,-68.010833,130.377021,Health physicist,5/4/1981,0
3.76155E+14,Matthew,Edwards,M,"PSC 1358, Box 9693",Port Christine,MI,92816,-88.0902435,156.420135,Geochemist,5/12/1928,0
3.53097E+15,Daniel,Nichols,M,USS Baker,Shawnhaven,MI,99457,65.427247,-56.564394,Haematologist,8/11/1927,0
4.09794E+12,Cindy,Campbell,F,19057 Anderson Grove,Coryborough,PA,21414,-17.328457,19.303345,Clinical research associate,12/24/1944,0
6.75944E+11,Jason,Taylor,M,087 Diana Park Apt. 210,Rodriguezburgh,OH,72218,-71.638299,74.455871,Sub,3/8/1924,0
3.5164E+15,Haley,Holt,F,6008 Collins Green,New Danielton,NC,64817,-11.730685,152.70493,Restaurant manager,2/13/2001,0
1.80075E+14,Natasha,Mcknight,F,USCGC Singh,Smithmouth,GA,39849,55.848141,-135.868948,"Designer, jewellery",10/3/1936,0
5.71292E+11,Jeremy,Brooks,M,26208 Mason Cliff Suite 452,Ernestbury,GA,45647,31.986144,-170.660137,Building control surveyor,2/16/1970,1
2.72077E+15,Patricia,Cross,F,76822 Sherman Summit Apt. 726,Donovanfurt,MT,20508,-55.0974805,-31.790373,Armed forces logistics/support/administrative officer,8/22/1944,0
3.02186E+13,Joshua,Miller,M,21254 Diana Harbors,Williamshaven,NY,56060,-88.874911,-51.302665,Water engineer,8/6/1956,0
6.01102E+15,Thomas,Fuller,M,722 Erica Trace,South Matthew,MI,30213,-79.177117,60.200714,Risk analyst,9/22/1923,0
4.78962E+18,Christopher,Allison,M,Unit 4633 Box 9534,North Markville,MI,36694,43.860418,45.813875,Hospital doctor,3/10/1984,0
3.01354E+13,Miranda,Robinson,F,"PSC 2884, Box 0766",South Denisefurt,TX,90048,-34.4675695,-102.788921,Financial risk analyst,5/27/1929,0
4.02698E+15,Rachael,Green,F,2985 Keith Villages,Port Rogershire,GA,1531,-34.3451855,133.808636,Town planner,11/2/1923,0
6.76319E+11,Stanley,Gilbert,M,72845 Brianna Greens Suite 070,Karentown,OH,22736,-78.029162,112.938402,"Engineer, structural",6/17/1966,0
4.59192E+12,Danielle,Golden,F,12376 Charles Mount,Whiteview,PA,84507,-65.060535,124.060712,Horticultural consultant,10/16/1962,0
6.5159E+15,Ashley,Young,F,819 Jill Avenue Suite 877,East Katherine,IL,77690,68.2608945,119.675987,Careers information officer,11/2/1994,0
6.76128E+11,Anita,Hudson,F,335 Amber Fall,South Melissa,IL,91573,-77.4434195,45.417074,Technical brewer,2/13/1916,0
3.5242E+15,Taylor,Williamson,F,9429 Lori Meadow,Smithland,CA,65304,76.355506,150.441782,"Exhibitions officer, museum/gallery",9/6/2011,0
5.18451E+15,Molly,Young,F,564 Sweeney Curve Suite 368,North Edwardfort,PA,91698,-45.188147,129.70186,"Civil engineer, consulting",7/14/1920,0
4.89198E+12,Lucas,Wise,M,49221 Brown Rue Suite 186,South Kathrynshire,MT,89127,-86.0190925,74.780984,Chartered loss adjuster,3/4/2024,1
4.5037E+15,Patricia,Bishop,F,8167 Paul Lane,North Noahview,FL,76643,86.6761055,-103.808962,Financial risk analyst,4/17/1929,0
4.02437E+15,Madison,Brock,F,9091 Summer Mount,Sullivanton,MI,33259,73.757673,22.251365,Haematologist,10/30/1998,0
3.59123E+15,Amber,Scott,F,768 Mckinney Mission Apt. 560,Paulabury,GA,13037,-2.122117,-72.549545,Risk analyst,12/7/1983,0
2.55036E+15,Jeffrey,Jr.,M,40434 Scott Station Apt. 531,North Tylerfort,FL,26250,82.433162,-88.969098,Transport planner,2/27/1987,0
3.56204E+15,Cynthia,Sandoval,F,0930 Flores Inlet,East Christopher,PA,71231,-83.5216745,-67.790698,"Designer, furniture",2/5/2021,0
4.19954E+18,Mary,Johnson,F,USS Boyer,Lake Paula,TX,10977,29.129786,-145.89612,"Psychologist, counselling",5/9/2004,0
6.55834E+15,Natalie,Fowler,F,7454 Jarvis Ramp Apt. 054,New Allenside,IL,16331,57.1090755,139.568635,"Engineer, civil (contracting)",3/7/1915,1
3.01843E+13,James,White,M,5618 James Islands,West Gloriaton,IL,24845,-24.800416,76.768548,Financial risk analyst,9/8/2024,0
3.56647E+15,Tyrone,Simpson,M,00643 Emily Ferry,Mcdonaldborough,OH,27207,-69.7513135,42.354465,Careers information officer,10/11/1918,0
5.01813E+11,Claudia,Matthews,F,"PSC 1212, Box 8981",Christinaside,TX,44991,-28.8025055,-44.988867,Theme park manager,5/4/1944,0
1.8004E+14,Amy,Beard,F,00687 Meyer Valleys Suite 824,East Gregoryview,FL,40155,-20.2035315,-143.111016,"Surveyor, hydrographic",1/1/1944,1
2.13158E+14,Rodney,Alvarez,M,573 Rhodes Junction,Josephton,IL,31075,-65.834562,9.931095,Geochemist,4/22/1976,0
4.08478E+15,Vickie,Lee,F,71798 Tina Extension,Stewartview,TX,94147,55.5330435,156.987097,"Development worker, community",7/2/1927,0
3.53557E+15,Richard,Garcia,M,"PSC 8649, Box 7035",Murphyhaven,CA,81003,21.0693845,98.40214,Transport planner,9/28/1946,0
3.03187E+13,Lauren,Kim,F,573 Hunter Fords,New Renee,MT,88235,-50.458884,175.701883,"Engineer, agricultural",2/15/1968,0
2.13167E+14,Jessica,Rogers,F,643 Kelli Burgs,New Jessicashire,MT,50894,-39.7583865,-117.414243,Professor Emeritus,10/30/1989,0
2.23445E+15,Alyssa,Martin,F,277 Rosales Greens,Aaronburgh,GA,97881,-0.2022845,4.294399,Technical brewer,10/12/1957,1
4.11421E+15,Christine,Miller,F,4230 Johnson Ferry,Reneetown,MT,89011,-2.371681,-105.855225,Company secretary,9/7/1998,0
4.7735E+12,Kenneth,Lee,M,644 Patterson Avenue,Gordonton,NY,96141,66.59001,11.453129,Horticultural consultant,7/5/1926,0
5.13074E+15,Sherry,Mann,F,8249 Lawrence Freeway,South Pennyhaven,NC,86455,-37.1895645,67.983166,"Engineer, petroleum",12/17/1987,0
3.51679E+15,Ashley,DDS,F,33443 Lowery Manor,West Brandonshire,MI,72000,-18.7834835,-132.427384,Legal secretary,12/9/1913,0
3.52322E+15,Karen,Wyatt,F,71936 Sweeney Land Suite 646,Lake Victorville,GA,86696,11.723839,-114.440423,Marine scientist,2/27/2025,0
2.13123E+14,Jonathan,Tanner,M,00668 Emily Unions Apt. 728,North Michaelburgh,MI,18851,-28.429369,-103.321283,"Engineer, petroleum",10/21/1944,0
3.70843E+14,Lisa,Savage,F,57803 Grant Trail Apt. 213,West Lisaside,TX,42858,2.470811,84.670254,Health physicist,5/19/1992,0
4.29595E+12,Madison,Hunt,F,55369 Mark Junction Suite 749,West Franklin,FL,59768,-73.5089045,-51.600969,Estate agent,3/2/1971,0
3.00195E+13,Amanda,Davis,F,9407 Jeremy Heights Suite 323,West Martinport,MI,58315,-12.7067345,-48.432887,Transport planner,8/6/2004,0
5.57246E+15,Larry,Lee,M,3820 Corey Harbor,Carterchester,CA,58843,-30.855889,17.998125,Armed forces logistics/support/administrative officer,12/16/1976,0
5.01885E+11,William,Norris,M,676 Smith Flat,Gonzalezville,NY,9330,-52.870468,-98.637919,Trade mark attorney,1/10/2005,0
3.57161E+15,Amber,Lynn,F,030 Dakota Lodge Suite 647,New Benjaminmouth,IL,86622,-62.429671,37.324509,Software engineer,7/23/1951,0
4.86309E+15,Paula,Smith,F,"PSC 2073, Box 8277",North Natashahaven,IL,38838,-52.3630535,-8.717015,"Development worker, community",2/16/1986,0
4.43203E+15,Heidi,Mitchell,F,54883 Vasquez Corners,Port Johnnybury,FL,93677,45.655809,41.81767,"Designer, textile",2/3/1955,1
5.25833E+15,Kelsey,Larson,F,36628 William Valleys Apt. 226,Kaylatown,OH,46046,-30.866895,-140.459384,International aid/development worker,7/12/1995,0
3.01149E+13,Joshua,Davidson,M,41716 Webb Prairie,Michellestad,FL,12666,53.4473975,106.086073,Customer service manager,10/4/1981,0
1.80058E+14,Christine,Wilson,F,6956 Scott Stravenue Suite 873,Jennyview,GA,50415,85.910152,50.391375,"Journalist, broadcasting",11/7/1921,0
6.76328E+11,Isaiah,Le,M,"PSC 1625, Box 8515",Lake Heidi,TX,1138,-9.496913,4.413379,Haematologist,11/5/1985,0
5.7506E+11,Erik,Sutton,M,481 Myers Bridge,Port Meganmouth,FL,10168,26.9913115,85.252789,Water engineer,12/24/1932,0
3.03922E+13,Alexander,Mitchell,M,917 Peter Tunnel,Port Ronaldland,PA,97971,-75.618519,90.27141,"Social research officer, government",12/21/1952,0
4.03892E+12,Amber,Smith,F,01388 Michael Freeway,Port Emilyhaven,PA,16433,81.0403355,40.694019,Metallurgist,1/5/1923,0
6.01145E+15,Rebecca,Torres,F,7830 Cox Fords Suite 138,Lake Diana,NC,94530,-12.5054305,178.209329,Occupational hygienist,11/16/1963,0
3.55222E+15,James,George,M,Unit 6075 Box 7898,Klineshire,GA,81018,30.472676,155.158914,Brewing technologist,6/27/2014,0
4.92581E+18,Maria,Smith,F,583 Neal View Apt. 998,East Renee,FL,45330,-61.588418,55.120124,"Designer, furniture",12/13/1957,1
4.09477E+12,Mrs.,Chavez,F,5401 Deborah Inlet,Lake Tracie,PA,4540,-47.7638505,-29.938895,"Production assistant, radio",10/4/1942,1
6.01186E+15,David,Davenport,M,3751 Graham Ridge,Gregorybury,NY,95850,60.866095,-85.191254,Marine scientist,8/8/1991,0
6.76357E+11,Jose,Hamilton,M,51886 Gina Lights Suite 449,Johnstonmouth,GA,2945,-15.3108295,-5.943695,Restaurant manager,5/1/1966,0
4.26368E+15,Sean,Erickson,M,81233 Gonzales Manor,Turnerstad,NC,60923,33.8966035,49.784855,Financial risk analyst,11/14/2009,0
3.712E+14,Brandon,Stewart,M,653 Mckay Flats Apt. 660,North Brianbury,FL,40827,67.0117395,177.381464,Air traffic controller,1/24/1956,0
3.0442E+13,Martin,Jones,M,660 Washington Mission,Quinnhaven,NY,45010,-44.994215,-39.796079,Company secretary,7/31/1957,0
4.15303E+12,Peter,Thompson,M,91218 Moore Fields,East Johnmouth,NC,84533,5.659246,14.585218,"Engineer, mining",6/25/1987,1
3.02439E+13,Kathy,Martinez,F,572 Andrea Motorway,Durhamview,CA,73751,1.1607655,150.543151,Corporate treasurer,4/26/1956,0
3.00535E+13,Erin,Randall,F,9471 Jason Brook Apt. 514,Kyleshire,NY,93732,-57.2414135,-40.619999,Brewing technologist,12/31/1984,0
3.58627E+15,Jose,Simmons,M,53175 Sutton Station,Hillmouth,GA,36733,-66.6499835,-145.441616,Proofreader,12/19/1973,1
4.55383E+15,Regina,Sawyer,F,96746 Tyler Causeway Suite 364,Wallaceberg,MI,66208,7.826137,-157.143396,Agricultural consultant,1/18/1989,0
3.74135E+14,Heidi,Turner,F,00115 Ford Walks Apt. 494,Andersonstad,GA,48379,35.7078985,88.693968,Chiropractor,4/25/1958,0
4.62159E+15,Brendan,Blair,M,75900 Samuel Camp,Haynesburgh,IL,69838,-6.0867845,-11.521291,"Civil engineer, consulting",7/24/2021,0
3.58926E+15,William,Perez,M,79412 Patterson Prairie Apt. 122,West Michelle,TX,49995,-67.8249855,-121.907652,Chiropractor,12/25/2024,0
4.18693E+15,Kelly,Gonzalez,F,950 Fisher Orchard,Amyhaven,GA,52241,60.569248,-153.518448,Water engineer,11/14/2014,1
3.76935E+14,Julie,Smith,F,93358 Katelyn Views,Allenmouth,MT,11571,38.8538455,-12.765569,"Surveyor, hydrographic",3/17/2017,1
5.78481E+11,Jennifer,Hayes,F,45973 Danielle Mountains Apt. 033,Cookfort,MI,35107,1.3447905,-117.556334,"Surveyor, mining",7/31/1917,0
4.32333E+15,James,Garrison,M,63779 Natasha Valley Suite 110,Jacksonton,FL,53829,54.8582925,170.661557,"Pharmacist, hospital",5/3/2012,1
4.87987E+12,John,Valentine,M,878 Johnson Falls Apt. 392,New Tanyamouth,OH,73925,17.7187855,42.643423,Customer service manager,2/25/1985,0
4.26715E+15,Manuel,Barrett,M,09587 Rachel Spurs,Port Christopherview,FL,44485,29.5703365,139.126123,Geophysicist/field seismologist,2/12/1949,0
2.1313E+14,Kyle,Beltran,M,772 Phillips Roads Suite 354,Rodriguezfurt,GA,99156,-7.4869175,-60.384915,Careers information officer,5/10/2008,0
3.565E+15,Tony,Wilson,M,596 Buck Orchard,Port Garychester,MI,21934,-9.148619,69.630642,Chief Strategy Officer,8/12/1987,0
3.01556E+13,Melissa,Thompson,F,4098 Lee Viaduct Suite 203,East Johnberg,MI,43316,-64.273796,-164.78652,Mechanical engineer,5/7/2024,0
2.13189E+14,Christopher,Robertson,M,1433 Johnson Parkways Apt. 901,New Eduardo,TX,67799,50.779632,88.884603,Museum education officer,1/30/1998,0
3.52586E+15,Lindsey,Farley,F,85711 Torres Meadows Apt. 595,Lake Dianaborough,MT,77646,-50.6608795,-171.271819,Health physicist,10/4/2007,0
5.01822E+11,Kathleen,Welch,F,79965 Gutierrez Loaf Apt. 897,West Eric,TX,43401,79.607286,37.014203,Estate manager/land agent,9/29/1911,0
4.31812E+18,Julia,Murray,F,99256 Pamela Stream,Bryanton,NC,29395,-19.7145685,-137.859947,Personnel officer,10/29/2015,1
1.80082E+14,Zachary,Roberts,M,1253 Johnson Heights Apt. 047,Hamptonshire,OH,68504,68.62979,-34.173042,Clinical research associate,8/3/1964,0
3.57687E+15,Nicholas,Mercer,M,731 Robinson Port Suite 624,Meganfurt,GA,43698,87.504021,-49.217534,"Development worker, community",11/7/1961,0
6.01187E+15,Brandi,Dominguez,F,1973 French Trail,Lake Kathryn,IL,70081,-8.6760525,177.56108,"Pharmacist, hospital",8/26/2020,0
5.88772E+11,Jeff,Lopez,M,25296 Scott Spur Suite 368,North Ronald,GA,3687,72.4033975,99.031808,Brewing technologist,9/11/1988,1
3.78522E+14,Derrick,Miller,M,82924 William Fork,North George,IL,58353,-28.386618,49.114584,"Pharmacist, hospital",7/11/1958,0
1.8004E+14,Amber,Clark,F,USS Lin,Walkerchester,MI,56373,74.3405645,26.967476,"Surveyor, hydrographic",12/6/2024,0
5.61749E+11,Nathan,Lee,M,395 Kelsey Corners Apt. 525,Padillaside,OH,71057,-42.4417485,35.750137,Theme park manager,5/23/1964,1
3.57156E+15,Olivia,Mcdonald,F,7612 Adrian Park,Lake Mary,MT,79707,81.5439885,77.249413,"Designer, jewellery",8/7/1917,1
4.77614E+15,Edward,Hayes,M,Unit 8167 Box 8434,Randallborough,NY,7944,28.8784615,170.122911,Legal secretary,12/20/1999,1
4.56447E+15,Bethany,Adams,F,912 Rhodes Throughway,East Garyberg,IL,71413,84.2434445,-52.839284,Sports administrator,7/29/2013,0
2.13106E+14,Lisa,Bryant,F,228 Denise Mills,Travisside,IL,70683,29.428133,-90.602961,Transport planner,3/16/1966,0
4.6648E+12,John,Ellis,M,641 Johnson Junctions,West Paulfurt,IL,71640,48.3277565,-174.322878,Cartographer,11/29/1963,0
3.04754E+13,Dominique,Mitchell,F,50254 Martin Track,Lake Georgefort,NC,48273,77.6031255,143.7579,Legal secretary,8/12/1958,0
3.51831E+15,Sabrina,Rogers,F,USNV Jenkins,Candaceburgh,TX,10511,-24.8338395,11.64458,Armed forces technical officer,12/19/1918,0
6.01123E+15,Ryan,Harvey,M,75193 Bennett Gateway Apt. 124,Richardland,PA,47705,19.948347,117.632863,Building control surveyor,5/29/2003,0
4.68643E+12,Michael,Evans,M,88284 Stephenson Isle Apt. 031,Davisburgh,TX,27974,-47.2269375,-170.996364,Financial risk analyst,6/1/1946,0
4.56904E+12,Miguel,Johnson,M,770 Garcia Mall,Walshport,MI,52894,83.1203245,67.086639,Interpreter,10/23/2016,0
4.71485E+15,Megan,Potts,F,"PSC 4575, Box 9599",West Mariobury,MT,90721,78.897898,27.620167,Haematologist,3/1/2004,0
6.01177E+15,Sara,Hartman,F,54601 Stephanie Tunnel,Thomasborough,CA,28594,71.2831625,154.692171,Dramatherapist,9/29/1943,0
3.52316E+15,Mark,Burns,M,4956 Susan Club,Port Jennifermouth,GA,45950,-48.7962055,12.256674,Personnel officer,3/25/2013,0
3.50348E+15,Lauren,Delacruz,F,722 Gentry Villages,Leslieville,IL,28232,76.4853145,-118.620621,Armed forces technical officer,1/14/1973,0
3.02387E+13,Joshua,Mann,M,77140 Kelly Union Suite 545,Port Christopherchester,OH,84849,-53.0453455,-98.294822,"Social research officer, government",1/5/1961,0
6.75981E+11,Edward,Conley,M,592 Lawrence Crest Suite 383,Higginston,TX,7450,-65.7072815,58.883946,Museum/gallery conservator,12/23/1950,0
1.80024E+14,Gloria,Castro,F,14644 Marquez Common Apt. 983,Morganfort,PA,28404,89.9896095,97.122183,Medical illustrator,11/2/1987,0
6.50745E+15,Maria,Ward,F,07098 Joshua Groves,Amberchester,NY,90169,-42.754714,150.546433,Chief Financial Officer,8/8/2011,0
4.03704E+12,Jennifer,Mendoza,F,2259 Curtis Fort,North Amyshire,GA,41420,-51.727835,171.639721,"Geologist, wellsite",8/29/1972,0
3.015E+13,Wayne,Donaldson,M,655 Erin Stream Apt. 250,South Debbiebury,NC,39516,42.664102,44.171049,Water engineer,10/13/1931,1
6.01173E+15,Sarah,Smith,F,34874 Carmen Circles,North Carrieport,PA,72422,49.424648,51.279365,Ambulance person,3/19/1937,0
4.08996E+15,Kenneth,Evans,M,83784 Ramos Ramp Apt. 743,New Billy,OH,21176,-3.1959925,-148.991496,Engineering geologist,6/24/1954,0
3.595E+15,Cynthia,DDS,F,29573 Daniel Wells,New Christopherstad,MT,73761,-75.2900015,26.57016,Clinical research associate,1/13/1952,0
3.59933E+15,Chloe,Ray,F,69516 Henry Course,New Christopherville,OH,87955,-54.6310315,178.723537,Cartographer,3/14/1927,1
4.38477E+15,Robert,Russell,M,839 Duncan Canyon Suite 429,West Christinemouth,PA,85768,28.9337095,51.433483,"Designer, textile",1/8/1945,0
3.51414E+15,Michelle,Hernandez,F,18456 Mark Village,North Cassandraberg,MT,76346,-17.2895735,-41.410483,Health physicist,4/24/1940,0
6.01111E+15,Tracy,Frazier,F,082 Evans Squares Suite 120,Petersborough,FL,13965,9.7016825,-106.843753,"Civil engineer, consulting",7/20/1968,0
4.62282E+15,Dawn,Bryant,F,8747 Sharp Parks,Heathstad,IL,53220,-86.638728,-177.996492,Risk analyst,9/28/2009,0
4.7492E+18,Deborah,Wilson,F,36365 Thompson Locks,West Kristina,GA,56225,-70.6987915,-67.998719,Brewing technologist,1/26/1994,1
2.27492E+15,Lisa,Armstrong,F,Unit 4597 Box 1557,Port Nancy,MI,61699,-88.0906145,-116.356644,"Surveyor, hydrographic",1/19/1969,0
2.24696E+15,Robert,Schultz,M,94503 Ballard Keys Suite 807,Sarashire,NY,25206,-39.928819,145.967924,"Engineer, mining",9/3/1980,0
4.13377E+15,Edwin,Holmes,M,68756 Brown Corner Apt. 292,East Jacobmouth,NC,33734,7.6878295,141.16781,Agricultural consultant,8/23/1913,0
5.60799E+11,Gabriel,Weber,M,"PSC 0299, Box 9663",East Michael,TX,52870,4.6568445,-37.8703,"Designer, jewellery",10/2/2022,0
2.13197E+14,Daniel,Black,M,4295 William Ferry,West Rebeccashire,MT,5877,-24.5880875,-151.203532,"Exhibitions officer, museum/gallery",5/26/2013,0
4.64123E+18,Michael,Martinez,M,6239 French Shoals,Rachelburgh,IL,59536,25.675759,59.84788,Health physicist,4/8/2007,0
5.31532E+15,Olivia,Williams,F,Unit 1608 Box 9888,North Arthurstad,OH,72835,-37.144109,140.628578,Legal secretary,2/5/2002,0
4.24687E+15,Jeffrey,Allen,M,94026 Melanie Port,North Donnaside,FL,24364,-52.6592325,129.526751,"Exhibitions officer, museum/gallery",3/23/1964,0
2.64575E+15,Antonio,Hernandez,M,6327 Kimberly Crossroad Apt. 381,Williamsstad,OH,20306,-55.9329505,143.807714,Aid worker,8/4/1934,0
3.52354E+15,Andrew,Walker,M,027 Rodriguez Avenue Suite 687,North Heidi,NC,12469,12.829977,63.546112,"Development worker, community",2/13/2001,0
2.5393E+15,Michelle,Richardson,F,"PSC 9717, Box 8568",Jacobsstad,TX,5325,5.188815,144.43456,Town planner,3/16/1938,0
4.1957E+15,Matthew,Moore,M,27628 Melvin Vista,West Emilymouth,PA,18081,13.5347965,91.936102,Technical brewer,4/17/1998,0
4.56829E+12,Eric,Herrera,M,USNS Clark,East Courtneybury,IL,73260,38.416885,118.935835,Professor Emeritus,7/9/1966,0
3.84935E+13,Emma,Bailey,F,8670 Nguyen Locks,North Kristiland,IL,2551,-9.511788,-101.666828,Chief Executive Officer,2/24/1936,0
6.01168E+15,Danielle,Mitchell,F,79516 Matthew Club,East Kelly,MT,14485,40.890336,1.437615,"Social research officer, government",12/30/1986,0
2.34492E+15,Ashley,Campbell,F,469 Powell Road Suite 818,Lake Paul,GA,88060,-2.235362,145.704002,"Surveyor, mining",1/13/1930,0
1.80024E+14,Madison,Guerrero,F,7254 Ryan Highway,South Whitney,PA,57438,-27.2039415,131.884475,Psychiatric nurse,8/6/2006,0
3.5111E+15,John,Bond,M,542 Rachel Prairie Suite 513,Kellyshire,OH,54695,-34.1200295,174.038004,"Engineer, manufacturing systems",8/22/2015,0
6.58732E+15,Scott,Vance,M,64851 Samantha Curve,South Brandonhaven,FL,34814,23.4560465,-146.34831,Trade mark attorney,4/30/1922,0
4.20545E+12,Karen,Douglas,F,341 Victor Prairie Suite 403,New Daniel,MI,71192,81.1437275,-5.361602,"Librarian, public",2/20/1997,0
1.80049E+14,Wayne,Benitez,M,1101 Owens Bridge Apt. 325,South Johnport,OH,49811,87.008225,47.174017,Corporate treasurer,7/18/1944,1
2.26427E+15,Linda,Merritt,F,"PSC 0206, Box 0713",North Kristen,GA,47749,-55.4805995,-85.222841,Occupational hygienist,2/7/2023,0
3.52104E+15,Jonathan,Wade,M,882 Evans Mews Apt. 755,Rebeccaport,OH,86120,11.9622845,-168.888005,Careers information officer,12/21/1915,0
3.72828E+14,Nicholas,Liu,M,46551 Frank Lane Apt. 811,North Thomas,NY,85678,-11.629301,161.681244,Banker,1/9/2006,0
2.13109E+14,Keith,Cobb,M,29734 Judy Path,Catherinetown,NY,69377,-49.9017495,41.177335,Environmental health practitioner,6/23/1970,0
2.36741E+15,Tasha,Williams,F,81420 Mcguire Fork Suite 504,West Cassandra,PA,26871,64.0804225,-26.167519,Financial risk analyst,8/10/1977,0
6.53299E+15,Sandra,Ayala,F,24256 Smith Prairie Apt. 578,East Rachelview,TX,10092,-23.994458,161.918357,Armed forces technical officer,7/12/2016,0
3.59116E+15,Molly,Munoz,F,"PSC 5677, Box 1541",Myersport,CA,41873,22.1227415,114.235465,Horticultural consultant,7/8/1944,0
3.72453E+14,Lisa,Larson,F,"PSC 3011, Box 1840",Warrenmouth,MT,45476,50.4105895,87.443677,Medical illustrator,1/12/2021,0
4.08243E+12,Joseph,Cox,M,190 Nolan Street Suite 244,Ronaldborough,GA,83360,-26.6970875,142.995276,Therapeutic radiographer,12/2/2014,0
2.28013E+15,Susan,Smith,F,7126 Patterson Junction,New Joseph,PA,61144,-76.308637,-105.46304,"Engineer, structural",7/8/1951,0
6.76363E+11,Amanda,MD,F,2780 Dorsey Island,Jefferytown,MT,6215,67.840472,-156.706534,Hospital doctor,6/29/1963,1
4.22982E+12,Keith,Gentry,M,5795 Shawn Curve Apt. 766,East Christinefort,MT,6561,56.330415,-138.404095,"Geneticist, molecular",9/14/1953,0
5.2515E+15,Michael,Walker,M,3468 Thomas Centers,West Dana,PA,56917,21.719503,33.544476,Careers information officer,11/19/1953,0
4.18967E+15,Kevin,Ballard,M,91523 Sarah Gardens,New Angelaland,GA,22516,40.200355,-155.57154,Customer service manager,7/22/1913,0
2.37863E+15,Kimberly,Acosta,F,11679 Swanson Expressway,Lake Katherinefurt,MI,58950,45.7039675,-120.505734,Environmental health practitioner,3/4/1915,1
6.5858E+15,David,Murphy,M,99050 Kevin Locks,Phamland,MT,60910,-76.84026,178.787271,"Surveyor, hydrographic",12/5/1935,0
3.59866E+15,Victoria,Bernard,F,USNS Lewis,Snowtown,TX,21919,-21.566121,-163.886972,"Pharmacist, hospital",9/28/1971,0
3.02464E+13,Sherry,Davis,F,9449 Woods Heights Apt. 188,West Charlesville,MT,16625,19.4868825,-33.37479,Air traffic controller,11/16/1919,0
5.03832E+11,Veronica,Strong,F,"PSC 9065, Box 0614",Bonnieville,GA,14588,-45.791382,-9.048971,Air traffic controller,12/12/1979,0
4.60286E+12,Franklin,Ruiz,M,7607 Cortez Courts,West Adamview,CA,30632,62.954665,-150.109813,Chief Strategy Officer,2/3/1982,1
4.70084E+18,Miranda,Butler,F,27929 Hart Trace Suite 523,North Lori,IL,87634,48.783007,2.224234,Sports administrator,2/9/1999,0
3.7459E+14,Stephen,Cruz,M,109 Sarah Oval,Port Robert,NY,60288,11.3277145,-12.951587,Building control surveyor,11/10/1982,0
3.59456E+15,Jonathon,Kim,M,937 Tate Estates Suite 828,Mariastad,MI,11321,13.1041965,-0.785246,Medical illustrator,2/10/2010,0
6.51669E+15,Sarah,Williams,F,86785 Susan Springs,Michaelmouth,NY,14894,-2.731305,15.853551,English as a second language teacher,12/26/2006,0
4.67358E+12,Bradley,Coleman,M,91986 Steven Springs,Frenchburgh,OH,25751,-86.759755,41.850104,Museum education officer,5/18/1924,0
3.5672E+15,Christine,Myers,F,Unit 0375 Box 3531,Lake John,GA,45452,-56.1383695,60.632918,"Librarian, public",3/5/1947,0
5.57066E+15,Justin,Olsen,M,USNV Chung,South Lindsay,FL,15839,65.4706875,-27.111524,Aid worker,8/9/1928,0
3.03885E+13,David,Long,M,009 Black Inlet Apt. 146,North Chadshire,GA,88518,-75.076174,-161.251313,"Designer, furniture",5/14/1952,0
4.63821E+15,Carol,Ray,F,387 Roberts Squares Apt. 081,Lake Cindy,GA,90165,30.182846,-175.423993,Agricultural consultant,8/7/1911,0
3.41157E+14,John,Mcfarland,M,USNS Bird,Penashire,NC,6862,-59.8005065,99.508778,Interpreter,9/8/2019,0
3.51923E+15,Laura,Sanchez,F,86974 Butler Valley Apt. 370,Goodwinburgh,PA,54661,51.3606435,-128.469657,Armed forces technical officer,10/28/1980,0
3.02895E+13,Summer,Moore,F,"PSC 5643, Box 4760",East Andrew,MT,22783,7.0395815,112.25907,Chief Strategy Officer,10/29/1964,0
4.10668E+18,Amy,Sampson,F,66002 Macdonald Hill,Jamesville,IL,94749,11.9343025,-108.0069,"Geologist, wellsite",10/26/1951,0
3.52858E+15,Martha,Williams,F,0274 Cervantes Turnpike,South Dawn,FL,47002,-21.041432,-66.995812,Chief Strategy Officer,9/13/1916,0
2.29027E+15,Kaitlyn,Washington,F,1208 Amy Fields Suite 893,Adamborough,TX,76636,-23.678553,15.966276,Chiropractor,3/5/2025,0
4.05737E+15,Kimberly,Reed,F,678 Carrie Lakes,New Paul,PA,4606,88.059565,-72.319467,Dramatherapist,11/17/2012,0
4.00041E+18,Brian,Thomas,M,3730 Lewis Mall Apt. 185,Potterview,IL,33959,56.9513925,-128.740588,Brewing technologist,1/4/2004,1
3.53882E+15,Fred,Espinoza,M,1279 Garcia Meadows,Lake Stephen,OH,75142,73.071719,-167.37576,Estate manager/land agent,6/4/1929,0
5.82951E+11,Jeffrey,Cordova,M,3213 Parsons Mills Suite 455,Smithstad,MT,87741,8.0853835,87.214588,Transport planner,1/2/1980,0
3.55081E+15,James,Vega,M,74812 Robertson Oval Apt. 008,New Davidtown,MI,25744,-31.848724,-28.269729,"Civil engineer, consulting",5/30/1946,0
1.80018E+14,Donna,Andrews,F,30724 Cruz Court,Lisastad,FL,64727,-22.543397,-7.88193,Chief Executive Officer,4/13/1953,0
5.24084E+15,Michael,Johnson,M,31866 Gates Route,Brewerberg,FL,98956,-76.11113,-127.605226,Software engineer,4/17/1919,0
4.92119E+15,Alexis,Adkins,F,Unit 7818 Box 9863,Port Jeffreyshire,IL,43173,76.000544,-23.998013,Geophysicist/field seismologist,11/16/2010,0
4.91408E+18,Mary,Webb,F,3675 Frazier Parks,Morrisborough,MT,87744,-71.3171755,-175.127849,International aid/development worker,4/27/1937,0
3.5374E+15,Ryan,Adams,M,63621 Michael Club,Port Kevinhaven,MT,14669,-65.731843,-70.219721,Town planner,11/21/1963,1
1.8009E+14,Ryan,Mitchell,M,858 Barnett Ways,New Sarah,MT,31373,5.7816615,-102.841136,"Surveyor, hydrographic",8/10/2003,1
2.72041E+15,Ronald,Floyd,M,62819 Michael Falls,West Valerie,CA,7091,-3.2598305,-91.636742,Armed forces technical officer,8/3/1974,0
4.30653E+12,Bobby,Walker,M,3658 Mitchell Islands,Port Diane,NY,62019,-62.3112075,-107.666799,"Engineer, petroleum",11/1/1952,1
3.46597E+14,Leonard,Dudley,M,3987 Joshua Route Suite 819,South Markmouth,PA,26778,57.806016,-178.808225,Museum/gallery conservator,10/21/1925,0
2.13109E+14,Stacey,Barker,F,573 Roberts Valleys Apt. 577,Haleyside,FL,85827,75.047663,89.613044,Personnel officer,10/4/1974,1
4.639E+15,Donald,Alvarado,M,4722 Cox Trail,Monicaburgh,PA,34662,-16.9461115,167.303854,"Engineer, manufacturing systems",11/30/1962,0
4.44583E+15,Jeremy,Watkins,M,USS Baker,South Masonview,NY,34906,-61.8709695,18.631003,Legal secretary,5/28/1961,0
3.5747E+15,Theresa,Cortez,F,26334 Heather Ferry Apt. 781,East Natalie,IL,16934,30.4806275,60.065473,Chiropractor,2/17/1911,0
3.52518E+15,Jennifer,Fernandez,F,66086 Joe Light,Port Douglas,TX,65310,58.228646,163.112855,Armed forces logistics/support/administrative officer,7/17/1952,0
2.26938E+15,Jessica,Perez,F,32738 Pamela Extensions,Lambertburgh,NY,43489,-21.3014065,-160.043087,Therapeutic radiographer,7/26/1980,0
3.50819E+15,Christine,Rodriguez,F,3316 Kelly Plaza Apt. 310,Leslieview,MT,6556,-0.222008,-120.872154,"Designer, jewellery",6/25/2010,0
3.03832E+13,Ashley,Glenn,F,085 Yang Avenue Apt. 401,East Debraton,NC,15358,-62.209219,-112.503263,Hospital doctor,8/5/1990,0
6.57602E+15,Gail,Hernandez,F,371 Darlene Highway,South Amyton,CA,84252,39.796754,107.509789,Hospital doctor,2/19/2021,0
5.4218E+15,Oscar,Howard,M,063 Keith Meadow Apt. 195,New Tiffanyton,GA,52110,44.8357605,-71.88264,"Exhibitions officer, museum/gallery",9/1/2008,0
3.45025E+14,Matthew,Gibson,M,2381 Woodward Tunnel Apt. 292,Lake Jared,MT,14513,-82.113084,75.241321,Occupational hygienist,10/27/1975,0
3.58503E+15,Sarah,Turner,F,"PSC 5588, Box 2348",Port Williamside,MT,23988,61.57228,169.991364,Careers information officer,12/30/1952,0
3.58446E+15,Stephanie,Mitchell,F,3679 David Via,Port Jimmouth,MT,1965,54.179242,-127.002224,Chief Financial Officer,8/28/1987,0
3.79043E+14,David,Cherry,M,38079 Rodgers Corners,Lake Diane,MI,8349,59.4844125,-116.916766,Financial risk analyst,5/15/1952,0
3.00534E+13,Michael,Ramirez,M,488 Castro Row,Barnesview,PA,75496,36.17037,-69.523864,Building surveyor,4/5/1941,0
3.52051E+15,Anthony,Costa,M,Unit 3744 Box 8455,Myerschester,MT,28094,-25.031696,1.604092,"Designer, jewellery",5/1/1962,1
6.01149E+15,John,Fisher,M,9823 Timothy Cape,East Jasonfort,IL,39776,-27.8039335,-84.517528,Cartographer,6/15/1967,0
3.02877E+13,Mark,Nguyen,M,726 Farmer Oval,Michelleland,NY,22975,51.34942,54.183078,Engineering geologist,11/14/1950,1
4.01015E+12,Kevin,Wood,M,USCGC Duarte,Lake Sarahmouth,IL,28433,31.6399755,-65.606471,Environmental health practitioner,10/15/1965,0
3.05571E+13,Brittany,Sullivan,F,861 Morgan Green Apt. 827,South Brianside,TX,3261,-69.6959065,124.686218,Engineering geologist,12/20/1961,0
6.52192E+15,Courtney,Goodman,F,"PSC 7842, Box 8455",New Colleenfort,NY,63706,-77.72156,52.716695,Marine scientist,1/25/1910,0
6.76223E+11,Jennifer,Paul,F,658 Bradshaw Summit,Port Nicholas,MT,64487,-39.5321125,-102.533072,Multimedia specialist,8/11/1968,0
2.13184E+14,Lisa,Phelps,F,76451 Adam Trafficway,Ruthmouth,NC,39662,39.4387445,-67.39082,Brewing technologist,6/14/1998,0
3.59126E+15,Alexander,Goodman,M,523 Nicholas Center,East Kevinville,NY,27185,38.0924755,-69.843125,Occupational hygienist,12/18/1936,0
5.19864E+15,Aaron,Osborne,M,30970 Charlotte Prairie,Coxhaven,TX,91254,16.347029,-105.585049,Banker,9/1/1935,0
2.13154E+14,Misty,Williamson,F,80666 Brown Route,Hardytown,OH,92606,-33.186353,58.978189,Museum education officer,6/23/1917,0
4.29661E+15,Eugene,Simmons,M,273 Lambert Pine,Taylorstad,CA,85291,-22.1168695,47.20677,"Civil engineer, consulting",8/8/2014,0
4.02501E+12,Ruben,Watkins,M,307 Eric Loop Suite 569,Potterland,GA,15960,42.791743,-129.960122,Accounting technician,3/1/2001,0
4.16421E+15,Alex,Hopkins,M,497 Kristin Turnpike Apt. 419,Hansenport,PA,23273,74.714337,92.656344,"Librarian, public",12/17/1944,1
3.03799E+13,Angel,Garcia,F,3276 Sarah Station,Obrienton,PA,33968,41.8256035,-158.475222,Oncologist,1/17/1912,0
4.74623E+15,Raymond,Jones,M,253 Nancy Turnpike,Andersenborough,PA,22862,59.3275915,71.075232,"Journalist, broadcasting",11/29/2013,1
3.53298E+15,Jeremy,Flores,M,601 Brown Groves Apt. 401,Stevenchester,FL,84701,15.980902,14.751773,"Civil engineer, consulting",11/17/1964,0
3.04823E+13,Mary,Andrews,F,87884 Chavez Port,Andersenfurt,TX,71003,25.6433675,-84.991678,Horticultural consultant,9/6/1991,0
5.01899E+11,Christopher,Patrick,M,405 Mark Rapids Apt. 942,New Tiffanyburgh,MT,57388,53.587471,140.257276,"Journalist, broadcasting",2/25/1968,0
4.51399E+18,Brian,Nelson,M,85942 Hunter Freeway Suite 543,North Davidmouth,CA,63060,18.8236935,143.207236,Haematologist,8/30/2011,0
6.53714E+15,Eileen,Alvarez,F,7501 Mitchell Vista,Katieport,NY,58674,37.9898485,1.176736,Health physicist,3/7/2012,0
6.51235E+15,Patricia,Guerra,F,42785 Norton Coves Apt. 363,Durhammouth,TX,82624,-80.722338,132.06723,Health physicist,12/8/1918,0
4.18911E+15,Kristi,Yu,F,75888 Monique Place,Port Josefurt,FL,45598,-55.0260165,63.485873,"Geologist, engineering",4/21/1951,0
4.38574E+12,Michael,Duncan,M,33209 Ramos Centers Apt. 407,Perrybury,PA,31499,61.253978,-153.21673,"Pharmacist, hospital",6/26/1919,0
4.53476E+12,Joseph,Velazquez,M,Unit 9656 Box 8872,West Meganside,CA,64224,-68.435837,-163.960266,"Development worker, community",12/13/1947,0
2.43934E+15,Jeremy,Hernandez,M,"PSC 7540, Box 1637",Kelseyview,NY,73176,-45.7824465,117.27054,Aid worker,1/16/1950,0
3.70691E+14,Justin,Herrera,M,776 Heather Ways Apt. 910,Johnsonstad,TX,64075,-11.284692,-15.430079,Personnel officer,9/23/1948,0
3.56111E+15,David,Lee,M,63743 Wright Cape,East Maxwellfort,NY,94315,-57.97035,54.848675,Financial risk analyst,2/14/1931,1
3.54912E+15,Rebecca,Baker,F,181 Shannon Dale,Matthewbury,MI,931,82.386147,101.673211,"Librarian, public",12/20/1919,0
6.50141E+15,Benjamin,Schmidt,M,72486 Michelle Corner,Jimeneztown,IL,8957,64.619794,-29.97765,Personnel officer,7/23/2008,1
4.94038E+12,Sandra,Watson,F,42445 Ian Village Suite 702,South Katherinetown,OH,31191,27.6172565,40.672637,Restaurant manager,12/12/1931,0
4.69758E+12,Paul,Mueller,M,531 Gray Brooks,Parkland,TX,67382,-67.284517,-22.507985,Occupational hygienist,10/6/2018,0
4.7372E+18,Lindsay,Watts,F,7837 Deborah Land Apt. 041,Lindaborough,PA,97937,-55.4738595,-108.810817,Corporate treasurer,4/5/1961,0
6.01109E+15,Cynthia,Silva,F,Unit 9391 Box 4603,New Shelia,GA,4562,-28.6926365,-11.344084,Chief Financial Officer,7/21/1952,0
4.1524E+12,Tyler,Wright,M,920 Sanchez Lights,Georgeton,CA,10938,71.3591045,-89.049968,Museum education officer,10/26/1981,0
3.04919E+13,Steven,Campbell,M,6286 Tyler Pass,Melaniebury,NC,97359,-20.927499,-156.717281,Estate manager/land agent,4/16/2020,0
3.78783E+14,Spencer,Peterson,M,"PSC 8339, Box 3994",New Evelynland,CA,71213,45.4482605,92.979021,"Journalist, broadcasting",2/13/2009,1
3.59426E+15,Amanda,Peterson,F,440 Young Courts Suite 189,Freemanburgh,OH,80510,84.2034985,-141.337544,Chiropractor,2/27/1932,0
3.58576E+15,Andrew,Gray,M,81007 Linda Burg Suite 798,Katrinaview,GA,61443,81.1860625,50.082345,Chief Financial Officer,7/6/1993,0
3.57664E+15,Sarah,Thomas,F,4306 Maldonado Tunnel,Rodriguezfurt,TX,68203,-61.625578,-179.575349,Armed forces technical officer,12/16/1931,0
4.63568E+18,Mark,Walker,M,2881 Cortez Stream,West Shellyhaven,MI,28742,-19.385743,-72.607121,Trade mark attorney,10/18/1921,1
4.60783E+15,Dr.,Archer,M,4705 Connie Knoll Suite 458,Darinside,IL,87859,-22.964908,-116.142812,Risk analyst,10/2/1998,0
2.72097E+15,Katie,Pearson,F,174 Freeman Glen,East Ashlee,NC,6363,18.0066385,-39.648655,"Social research officer, government",5/6/1955,0
4.49559E+15,Yvette,Smith,F,294 Eileen Lodge,Lake Nicole,MI,26745,60.175079,132.794902,Careers information officer,8/6/1926,0
4.90016E+18,Lisa,Martinez,F,"PSC 4357, Box 5292",Morganchester,NC,66065,-83.4256665,113.797473,Horticultural consultant,11/19/1986,0
5.71451E+11,William,Mckenzie,M,25546 Peterson Gateway,Cynthiahaven,TX,38008,-12.7368035,64.341404,Air traffic controller,7/6/1924,0
3.77403E+14,Jeffrey,Cooley,M,431 Walters Estates,Port Manuelland,NC,18086,22.721695,-169.349713,Banker,4/18/2008,0
4.68504E+15,Robert,DDS,M,35641 Little Ramp Suite 025,West Melissa,OH,12994,37.4659405,-109.827515,Accounting technician,1/9/1934,0
4.6587E+15,Hunter,Allen,M,404 Bryant Land,Reedmouth,OH,68111,69.787074,148.535753,"Pharmacist, hospital",8/4/1964,0
3.03157E+13,Anne,Anderson,F,7640 Ellis Lake Apt. 614,Sanchezbury,OH,49878,-75.3031725,-110.818678,Horticultural consultant,5/5/1934,0
4.30071E+12,Brittney,Shepherd,F,959 Jessica Valley Apt. 530,New Hollyburgh,PA,45768,38.043669,-110.684329,Air traffic controller,3/19/1941,0
4.87068E+18,Patrick,Carroll,M,91568 Debra Burgs,Frankfurt,IL,36629,67.427388,58.486563,Ambulance person,8/6/1945,0
3.80215E+13,Christopher,Johnson,M,Unit 5141 Box 4835,Smithstad,MT,16287,-18.6404945,-109.353099,"Surveyor, mining",11/15/1969,0
5.30513E+15,Tammy,Aguilar,F,254 Kenneth Isle Apt. 266,Garrettfurt,TX,57824,-15.2512,114.583624,Chartered loss adjuster,1/31/2009,0
2.71941E+15,David,Johnson,M,0800 Decker Causeway Apt. 830,West Tonyastad,OH,57003,-10.8130615,-12.695251,Ambulance person,6/15/1976,1
4.08121E+15,Johnny,May,M,USNS Ingram,Johnfort,PA,37785,-35.7922725,141.294026,Restaurant manager,7/25/1973,0
3.54539E+15,Rachel,Roberts,F,60284 Kelly Isle,Leachshire,CA,28972,-38.467025,178.992386,Building surveyor,9/1/1955,0
3.55328E+15,Nicholas,Hoover,M,863 Julie Lane,Catherinefurt,NC,6209,-53.1046245,144.818034,Building surveyor,7/11/1994,0
3.54365E+15,Allison,Lang,F,61424 Campbell Knolls,Perryland,OH,84552,-16.112394,92.893942,"Exhibitions officer, museum/gallery",9/28/1962,0
6.5839E+15,Ashley,Lee,F,759 Murphy Locks,Samuelmouth,OH,34191,-20.2157505,85.684405,Ambulance person,5/12/2015,0
4.47922E+15,Jocelyn,Gonzalez,F,319 Raymond Mall,Mendozafurt,CA,23083,-69.5998045,89.621085,International aid/development worker,3/16/1936,0
5.61706E+11,Jeffrey,Kennedy,M,Unit 1012 Box 5467,West Bethstad,IL,75322,30.5284995,72.987532,"Development worker, community",12/4/2007,0
2.1313E+14,Sharon,Avila,F,901 Oneal Tunnel,Hansenton,NC,95280,78.5956,28.439036,Dramatherapist,12/15/1978,0
4.93241E+15,Keith,Smith,M,15353 Michael Fall Suite 624,Andreamouth,GA,42798,5.6374345,-127.779543,Estate manager/land agent,5/2/1917,0
3.73963E+14,Isabella,Arnold,F,04854 Jennifer Trail,Port Jessicaport,PA,89418,-2.662129,-91.194296,Chief Financial Officer,7/13/1919,0
4.41059E+15,Mario,MD,M,9509 Martin Row,Whitetown,TX,92270,44.7344075,83.314355,Multimedia specialist,1/26/1979,0
3.57276E+15,Alexis,Wilson,F,769 Salazar Street Suite 256,Alexismouth,FL,91070,26.6249905,-24.330558,Dramatherapist,7/2/1967,0
4.48942E+15,Brian,Munoz,M,1478 Reed Burg,Riceport,MI,37082,-76.8246165,-147.547877,Building surveyor,3/13/1948,0
3.04282E+13,Jessica,Brown,F,7240 Diaz Turnpike Apt. 517,Lake Richard,NC,20908,-17.613331,-64.021749,"Journalist, broadcasting",3/14/1996,1
4.07043E+15,Laura,Lozano,F,51751 Kennedy Turnpike,Jimmyview,IL,89465,-33.1463235,-34.785565,Estate manager/land agent,11/23/1928,1
4.70504E+15,Mark,Baker,M,616 Larry Skyway Suite 102,Port Lauraborough,IL,64632,34.8006235,-162.218524,Legal secretary,5/1/1927,0
3.4936E+14,Alexis,Richards,F,USCGC Chapman,North Anthony,CA,24934,-51.581423,80.134348,Psychiatric nurse,2/8/1983,0
6.76162E+11,Allison,Lloyd,F,22155 Dustin Causeway Apt. 699,Colinfurt,MI,44836,-71.613181,46.604065,Aid worker,3/3/2003,0
3.53819E+15,Dr.,DDS,M,42491 Moore Flat Apt. 777,Port Jacobport,NY,17696,83.331054,-122.17112,Chartered loss adjuster,1/21/2000,0
4.67127E+15,Juan,Williams,M,Unit 1367 Box 4616,West Josephbury,TX,59834,-84.674616,79.899091,Financial risk analyst,9/24/1979,0
6.01186E+15,Morgan,Arias,F,88231 Edgar River Suite 783,Christinaville,OH,79992,34.350503,70.255561,Accounting technician,8/31/1978,0
6.75923E+11,Patricia,Evans,F,54766 Brendan Mission,New Anthonystad,NY,13406,76.8216115,-28.094798,Armed forces logistics/support/administrative officer,5/3/2003,0
2.13118E+14,Douglas,Taylor,M,449 James Route Apt. 417,Port Jeanne,PA,6067,31.8386555,-120.390892,International aid/development worker,10/17/1966,0
4.79207E+18,Haley,Jones,F,48024 Myers Ridges Apt. 385,Lake Hollystad,MI,89440,-6.757609,-17.469393,Transport planner,5/31/1934,1
3.54148E+15,Glenn,Wall,M,45958 Danielle Land,New Savannah,NY,43252,70.595079,-162.348955,"Civil engineer, consulting",3/15/1966,0
4.1513E+18,Jamie,Bishop,F,52123 Greg Viaduct,Sanchezville,CA,38989,47.3033735,69.127176,Geophysicist/field seismologist,1/31/1913,0
6.76238E+11,Justin,Bishop,M,84182 Flores Port,Lake Nathanielville,GA,44356,-57.5737365,145.460239,Legal secretary,7/28/1911,0
3.05233E+13,Michael,Vance,M,85633 Howard Way Suite 913,Lake Kristaland,MI,16227,-28.131327,-54.5605,Museum/gallery conservator,4/18/1937,0
4.13501E+15,Katherine,Hill,F,2116 Smith Center Suite 208,Reynoldsmouth,FL,88033,-32.800555,28.774927,Legal secretary,4/12/1966,0
3.51542E+15,Heather,Hall,F,3178 Moore Freeway,New Jason,PA,64056,39.845645,-108.860929,Engineering geologist,7/30/1985,0
3.57316E+15,Anita,Munoz,F,3433 Elliott Motorway Apt. 972,Eddieborough,MT,82636,-81.427575,-166.890108,Chief Executive Officer,5/21/1989,0
4.8163E+18,Kevin,Briggs,M,57510 Andrew Lights Suite 857,Miamouth,NC,84241,-65.5514215,113.552779,Museum/gallery conservator,7/16/1926,0
3.03116E+13,Heather,Larson,F,205 Green Drive Suite 497,Williamsborough,FL,38518,47.3253415,154.130431,Corporate treasurer,12/9/1931,0
4.18757E+12,Sarah,Lewis,F,1193 Linda Loop Suite 199,North Jenniferstad,CA,80774,81.967737,27.045036,"Development worker, community",6/6/1980,1
5.18537E+15,Kari,Harvey,F,977 Williams Ranch Suite 018,Manningland,FL,71827,-87.6684865,22.898283,Chief Strategy Officer,10/21/1920,0
